row_id,split,english_text,assamese_text,verdict_fine_unnatural_wrong,your_correction_if_wrong
main-0000,main,wake me up at five am this week,এই সপ্তাহত মোক পুৱা পাঁচ বজাত জগাই দিয়া,,
main-0001,main,quiet,নীৰৱ।,,
main-0002,main,pink is all we need,আমাক কেৱল গোলাপী ৰঙৰহে প্ৰয়োজন।,,
main-0003,main,and the darkness has fallen,আৰু অন্ধকাৰ পৰিছে,,
main-0004,main,olly turn the lights off in the bedroom,অ'লি শোৱনি কোঠাৰ লাইটবোৰ বন্ধ কৰা,,
main-0005,main,it's dirty here make some noise,"ইয়াত লেতেৰা হৈ আছে, অলপ শব্দ কৰক",,
main-0006,main,hoover the hallway,হ'লৱেটো হুভাৰ কৰক,,
main-0007,main,i want the status on my screen brightness,মই মোৰ পৰ্দাৰ উজ্জ্বলতাৰ স্থিতিটো বিচাৰোঁ,,
main-0008,main,what's up olly,অ'লি কি হৈছে,,
main-0009,main,what's the time in australia,অষ্ট্ৰেলিয়াত সময় কিমান হৈছে,,
main-0010,main,olly tell me the time in g. m. t. plus five,অ'লি মোক জি. এম. টি. যোগ পাঁচত সময়টো কোৱা,,
main-0011,main,cancel my seven am alarm,মোৰ পুৱা সাত বজাৰ এলাৰ্মটো বাতিল কৰক,,
main-0012,main,what alarms i have set,মই কি এলাৰ্ম ছেট কৰিছো,,
main-0013,main,tell me about my alarms,মোক মোৰ এলাৰ্মৰ বিষয়ে কোৱা,,
main-0014,main,i like senatra songs,মই চেনাট্ৰাৰ গীত ভাল পাওঁ,,
main-0015,main,set lights brightness higher,লাইটৰ উজ্জ্বলতা অধিক ছেট কৰক,,
main-0016,main,tell me today's date,মোক আজিৰ তাৰিখটো কোৱা,,
main-0017,main,what date is it today,আজি কিমান তাৰিখ,,
main-0018,main,could you order sushi for tonight dinner,আপুনি আজি ৰাতিৰ ৰাতিৰ আহাৰৰ বাবে সুছি অৰ্ডাৰ দিব পাৰিবনে,,
main-0019,main,what's the week's forecast,সপ্তাহটোৰ পূৰ্বানুমান কি,,
main-0020,main,what's this week's weather,এই সপ্তাহৰ বতৰ কেনেকুৱা,,
main-0021,main,tell me the weather this week,মোক এই সপ্তাহৰ বতৰটো কোৱা,,
main-0022,main,send a giggle my way,মোৰ পথত এটা হাঁহি পঠিওৱা,,
main-0023,main,olly tell me a joke,অ'লি মোক এটা কৌতুক কোৱা,,
main-0024,main,what's the date,তাৰিখটো কি,,
main-0025,main,order a takeaway,এটা টেকঅৱে অৰ্ডাৰ কৰক,,
main-0026,main,i like this song,মই এই গানটো ভাল পাওঁ,,
main-0027,main,play it again please,অনুগ্ৰহ কৰি ইয়াক পুনৰ বজোৱা,,
main-0028,main,lower the lights,লাইটবোৰ কম কৰা,,
main-0029,main,can they provide takeaway,"তেওঁলোকে টেকঅৱে ""প্ৰদান কৰিব পাৰিবনে",,
main-0030,main,can they do delivery,তেওঁলোকে ডেলিভাৰী কৰিব পাৰিবনে,,
main-0031,main,do they deliver home,তেওঁলোকে ঘৰলৈ ডেলিভাৰী কৰে নেকি,,
main-0032,main,olly do they deliver home,অ'লি তেওঁলোকে ঘৰলৈ ডেলিভাৰী কৰে নেকি,,
main-0033,main,set wake up thursday seven am,বৃহস্পতিবাৰে পুৱা সাত বজাত জেগে উঠাটো ছেট কৰক,,
main-0034,main,tell me some business news,মোক কিছুমান ব্যৱসায়িক বাতৰি কোৱা,,
main-0035,main,tell me international news,মোক আন্তঃৰাষ্ট্ৰীয় বাতৰি কোৱা,,
main-0036,main,play my rock playlist,মোৰ ৰক প্লে'লিষ্টটো বজোৱা,,
main-0037,main,turn on my playlist and play third song in the queue,মোৰ প্লে'লিষ্টটো অন কৰক আৰু শাৰীটোত তৃতীয় গানটো বজোৱা,,
main-0038,main,mute volume,ভলিউম মিউট কৰক,,
main-0039,main,what time is it,এতিয়া কিমান বজিছে,,
main-0040,main,delete the alarm i just set,মই এইমাত্ৰ ছেট কৰা এলাৰ্মটো মচি পেলাওক,,
main-0041,main,how is the weather like today,আজিৰ বতৰ কেনেকুৱা,,
main-0042,main,should i bring an umbrella tomorrow,মই কাইলৈ এটা ছাতি আনিব লাগিব নেকি,,
main-0043,main,play music from my rock list,মোৰ ৰক তালিকাৰ পৰা সংগীত বজোৱা,,
main-0044,main,i feel like jazz right now how about you,মই এই মুহূৰ্তত জেজৰ দৰে অনুভৱ কৰোঁ আপোনাৰ বিষয়ে কেনেকুৱা,,
main-0045,main,olly play a good track from my favorite jazz player,অ'লি মোৰ প্ৰিয় জেজ প্লেয়াৰৰ এটা ভাল ট্ৰেক বজোৱা,,
main-0046,main,i can't hear you,মই তোমাৰ কথা শুনিব নোৱাৰোঁ,,
main-0047,main,i can barely hear you,মই তোমাৰ কথা একেবাৰে শুনিব নোৱাৰোঁ।,,
main-0048,main,let's have the lights blue,লাইটবোৰ নীলা কৰা যাওক,,
main-0049,main,what is today's forecast for berlin,বাৰ্লিনৰ বাবে আজিৰ পূৰ্বানুমান কি,,
main-0050,main,what is the exchange rate of us dollar to pound sterling,আমেৰিকান ডলাৰৰ পৰা পাউণ্ড ষ্টাৰ্লিংৰ বিনিময় হাৰ কিমান,,
main-0051,main,light up the lights in the kitchen,পাকঘৰৰ লাইটবোৰ জ্বলোৱা,,
main-0052,main,start a vacuum cleaner,এটা ভেকুৱাম ক্লিনাৰ আৰম্ভ কৰক,,
main-0053,main,turn on the vacuum cleaner,ভেকুৱাম ক্লিনাৰটো অন কৰক,,
main-0054,main,play a nirvana playlist,এটা নিৰ্বাণ প্লে'লিষ্ট বজোৱা,,
main-0055,main,shuffle songs by coldplay,কোল্ডপ্লেৰ দ্বাৰা গানবোৰ সলনি কৰক,,
main-0056,main,what is the weather,বতৰ কেনেকুৱা,,
main-0057,main,what day is new year's eve this year,এই বছৰ নৱবৰ্ষৰ প্ৰাৰম্ভিক দিনটো কি,,
main-0058,main,please be quiet for another hour,অনুগ্ৰহ কৰি আৰু এটা ঘণ্টাৰ বাবে নীৰৱ হৈ থাকক,,
main-0059,main,do not speak today,আজি কথা নক'ব,,
main-0060,main,tell me the weather in barcelona in two days from now,মোক এতিয়াৰ পৰা দুদিনৰ ভিতৰত বাৰ্চেলোনাৰ বতৰটো কোৱা,,
main-0061,main,disable my okug,মোৰ ওকাগ নিষ্ক্ৰিয় কৰক,,
main-0062,main,enable my plug,মোৰ প্লাগ সক্ৰিয় কৰক,,
main-0063,main,seven years,সাত বছৰ,,
main-0064,main,what is the weather condition in new york,নিউয়ৰ্কৰ বতৰৰ অৱস্থা কেনেকুৱা,,
main-0065,main,i wish to know the weather in san fransico,মই ছান ফ্ৰান্সিকোৰ বতৰ জানিব বিচাৰো,,
main-0066,main,will it be rainy tomorrow,"কাইলৈ বৰষুণ হ ""ব নেকি",,
main-0067,main,will it rain tomorrow,"কাইলৈ বৰষুণ হ ""ব নেকি",,
main-0068,main,what day of the week is first april,এপ্ৰিলৰ প্ৰথম দিনটো সপ্তাহৰ কোনটো দিন,,
main-0069,main,what is the current time,বৰ্তমান সময় কিমান,,
main-0070,main,play the second song from anirudh's song,অনিৰুধৰ গীতটোৰ দ্বিতীয় গানটো বজোৱা,,
main-0071,main,please tell me the latest news,অনুগ্ৰহ কৰি মোক শেহতীয়া বাতৰিবোৰ কোৱা,,
main-0072,main,switch off the lights,লাইটবোৰ বন্ধ কৰা,,
main-0073,main,i want the music to be saved can you do it for me,মই সংগীতটো সংৰক্ষণ কৰিব বিচাৰো আপুনি এইটো মোৰ বাবে কৰিব পাৰিবনে?,,
main-0074,main,what's sensational in time of india,ভাৰতৰ সময়ত কি চাঞ্চল্যকৰ,,
main-0075,main,turn the smart plug on,স্মাৰ্ট প্লাগটো অন কৰক,,
main-0076,main,play a random song from my playlist,মোৰ প্লে'লিষ্টৰ পৰা এটা যাদৃচ্ছিক গান বজোৱা,,
main-0077,main,play a retro song in my playlist,মোৰ প্লে'লিষ্টত এটা ৰেট্ৰ'গান বজোৱা,,
main-0078,main,play any song by joe prsaise,জো প্ৰেছৰ যিকোনো গান বজোৱা,,
main-0079,main,remove the first alarm,প্ৰথম এলাৰ্মটো আঁতৰাওক,,
main-0080,main,start playing,খেলা আৰম্ভ কৰক,,
main-0081,main,can you play rock music for the next hour,আপুনি পৰৱৰ্তী ঘণ্টাৰ বাবে ৰক সংগীত বজোৱাব পাৰিবনে,,
main-0082,main,can you tell me a joke,তুমি মোক এটা কৌতুক ক'ব পাৰিবা নেকি,,
main-0083,main,tell me a funny joke,মোক এটা মজাদার কৌতুক কোৱা,,
main-0084,main,what are the breaking news,ব্ৰেকিং নিউজবোৰ কি,,
main-0085,main,power up the plug socket one,প্লাগ ছকেট এটাক পাৱাৰ আপ কৰক,,
main-0086,main,turn off the lights in the bathroom,বাথৰুমৰ লাইটবোৰ বন্ধ কৰা,,
main-0087,main,turn off the bathroom lights,বাথৰুমৰ লাইটবোৰ বন্ধ কৰা,,
main-0088,main,what is the weather like right now,এই মুহূৰ্তত বতৰ কেনেকুৱা,,
main-0089,main,open bad religion folder,বেয়া ধৰ্মৰ ফোল্ডাৰ খোলক,,
main-0090,main,what are the latest news headlines,শেহতীয়া বাতৰিৰ শীৰ্ষক কি কি,,
main-0091,main,what's happening in the news,বাতৰিত কি হৈ আছে,,
main-0092,main,raise volume,ভলিউম বৃদ্ধি কৰক,,
main-0093,main,run coffee maker,কফি মেকাৰ চলোৱা,,
main-0094,main,get me the latest stock price for costco,মোক ক'ষ্টকোৰ শেহতীয়া ষ্টক মূল্যটো দিয়ক,,
main-0095,main,change the bedroom lights to green,শোৱনি কোঠাৰ লাইটবোৰ সেউজীয়া ৰঙলৈ সলনি কৰক,,
main-0096,main,change the lights to dim,লাইটবোৰ ম্লান কৰিবলৈ সলনি কৰক,,
main-0097,main,play the weekend,সপ্তাহান্তটো বজোৱা,,
main-0098,main,what mistakes do you usually make,আপুনি সাধাৰণতে কি কি ভুল কৰে,,
main-0099,main,who is the singer of song,গানটোৰ গায়ক কোন,,
calib-0000,calib,what time is it in new york city,নিউয়ৰ্ক চহৰত এতিয়া কিমান বজিছে,,
calib-0001,calib,is it cold outside,বাহিৰত ঠাণ্ডা আছে নেকি,,
calib-0002,calib,what's a good joke,এটা ভাল কৌতুক কি,,
calib-0003,calib,open songs from major lazer,মেজৰ লেজাৰৰ পৰা গানবোৰ খোলক,,
calib-0004,calib,what alarms are set,কি কি এলাৰ্ম ছেট কৰা আছে,,
calib-0005,calib,by get marks,নম্বৰ লাভ কৰি,,
calib-0006,calib,prepare the order as soon as possible,যিমান সোনকালে সম্ভৱ অৰ্ডাৰটো প্ৰস্তুত কৰক,,
calib-0007,calib,do you know any jokes,আপুনি কিবা কৌতুক জানেনে,,
calib-0008,calib,set an alarm for nine am,পুৱা ন বজাৰ বাবে এটা এলাৰ্ম ছেট কৰক,,
calib-0009,calib,play the song sung by katy perry,কেটি পেৰীয়ে গোৱা গানটো বজোৱা,,
calib-0010,calib,play mf doom anything,এম. এফ. ডুম যিকোনো বজোৱা,,
calib-0011,calib,turn off eight am alarm,পুৱা আঠ বজাৰ এলাৰ্ম বন্ধ কৰা,,
calib-0012,calib,change light color,পোহৰৰ ৰং সলনি কৰক,,
calib-0013,calib,play all by playlist,প্লে'লিষ্টৰ দ্বাৰা সকলো বজোৱা,,
calib-0014,calib,show latest news,শেহতীয়া বাতৰি দেখুৱাওক,,
calib-0015,calib,what is new news for today,আজিৰ বাবে নতুন বাতৰি কি,,
calib-0016,calib,what is the current weather,বৰ্তমান বতৰ কেনেকুৱা,,
calib-0017,calib,unmute after,তাৰ পিছত আনমিউট কৰক,,
calib-0018,calib,please ring the wake up alarm at eight am next saturday,অনুগ্ৰহ কৰি অহা শনিবাৰে পুৱা আঠ বজাত ৱেক আপ এলাৰ্মটো বজোৱা,,
calib-0019,calib,start playlist,প্লে'লিষ্ট আৰম্ভ কৰক,,
calib-0020,calib,please play the radio gaga song,অনুগ্ৰহ কৰি ৰেডিঅ'গাগা গানটো বজোৱা,,
calib-0021,calib,set notification for news about the dakota pipeline,ডাকোটা পাইপলাইনৰ বিষয়ে বাতৰিৰ বাবে জাননী ছেট কৰক,,
calib-0022,calib,please start vacuum cleaner,অনুগ্ৰহ কৰি ভেকুৱাম ক্লিনাৰ আৰম্ভ কৰক,,
calib-0023,calib,turn off room lights,কোঠাৰ লাইটবোৰ বন্ধ কৰা,,
calib-0024,calib,current time in japan,জাপানত বৰ্তমানৰ সময়,,
calib-0025,calib,can you lower the lights,তুমি লাইটবোৰ কম কৰিব পাৰিবা নেকি,,
calib-0026,calib,i want two burgers and one coke order it fast,মই দুটা বাৰ্গাৰ আৰু এটা কোক বিচাৰোঁ ইয়াক সোনকালে অৰ্ডাৰ কৰা,,
calib-0027,calib,keep me informed about bitcoin price,মোক বিটকোইনৰ মূল্যৰ বিষয়ে অৱগত কৰি ৰাখক,,
calib-0028,calib,what is the time now in new york,নিউয়ৰ্কত এতিয়া সময় কিমান,,
calib-0029,calib,hi can you please turn lower the lights,হাই আপুনি অনুগ্ৰহ কৰি লাইটবোৰ কম কৰিব পাৰিবনে,,
calib-0030,calib,i want to hear the last news from c. n. n.,মই চি. এন. এন.-ৰ পৰা শেষ খবৰটো শুনিব বিচাৰো।,,
calib-0031,calib,summarize week's weather details,সপ্তাহৰ বতৰৰ সবিশেষ সংক্ষিপ্ত কৰক,,
calib-0032,calib,turn the lights off,লাইটবোৰ বন্ধ কৰা,,
calib-0033,calib,how cold is it outside today,আজি বাহিৰত কিমান ঠাণ্ডা,,
calib-0034,calib,don't talk until i ask you to,মই সুধিব নোৱাৰালৈকে কথা নক'বা,,
calib-0035,calib,i want to know about this song,মই এই গানটোৰ বিষয়ে জানিব বিচাৰো,,
calib-0036,calib,what is the weather forecast for this week,এই সপ্তাহৰ বতৰৰ পূৰ্বানুমান কি,,
calib-0037,calib,could you please give me up to date news headlines from my newest provider,আপুনি অনুগ্ৰহ কৰি মোক মোৰ নতুন প্ৰদানকাৰীৰ পৰা আপ টু ডেট বাতৰিৰ শীৰ্ষক বাতৰি দিব পাৰিবনে,,
calib-0038,calib,could you please find me the latest news from a source that i do not usually go to,আপুনি অনুগ্ৰহ কৰি মোক এটা উৎসৰ পৰা শেহতীয়া বাতৰি বিচাৰি পাব পাৰিবনে য'লৈ মই সাধাৰণতে নাযায়,,
calib-0039,calib,tell me about the latest political news,মোক শেহতীয়া ৰাজনৈতিক বাতৰিবোৰৰ বিষয়ে কোৱা,,
calib-0040,calib,i want to hear snow by red hot chili peppers,মই ৰঙা গৰম জলকীয়াৰ বৰফৰ শব্দ শুনিব বিচাৰো,,
calib-0041,calib,play bilando,বিলান্দো বজোৱা,,
calib-0042,calib,play let me love you by ariana grande,আৰিয়ানা গ্ৰেণ্ডেৰ লেট মি লাভ ইউ বজোৱা,,
calib-0043,calib,play love songs,প্ৰেমৰ গানবোৰ বজোৱা,,
calib-0044,calib,mild or heavy weather,মৃদু বা গধুৰ বতৰ,,
calib-0045,calib,confirm my alarm settings,মোৰ এলাৰ্মৰ সংহতিসমূহ নিশ্চিত কৰক,,
calib-0046,calib,hey siri mute the speakers,হেই ছিৰি স্পিকাৰবোৰ মিউট কৰা,,
calib-0047,calib,what is the current temperature outside,বাহিৰৰ বৰ্তমানৰ তাপমাত্ৰা কিমান,,
calib-0048,calib,play bob dylan playlist,বব ডিলান প্লে'লিষ্ট বজোৱা,,
calib-0049,calib,hey what will be the predicted weather for tomorrow,"হেই, কাইলৈৰ বতৰ কি হ'ব বুলি পূৰ্বানুমান কৰা হৈছে",,
calib-0050,calib,what are the b. b. c. poll predictions for the upcoming us elections,আগন্তুক আমেৰিকা যুক্তৰাষ্ট্ৰৰ নিৰ্বাচনৰ বাবে বি. বি. চি. নিৰ্বাচনৰ ভৱিষ্যদ্বাণীবোৰ কি কি,,
calib-0051,calib,start the robot roomba,ৰবট ৰুম্বাটো আৰম্ভ কৰক,,
calib-0052,calib,my set alarms,মোৰ ছেট কৰা এলাৰ্মসমূহ,,
calib-0053,calib,alarm settings,এলাৰ্মৰ সংহতিসমূহ,,
calib-0054,calib,robot vacuum the living room now,ৰবটৰ এতিয়া থকা কোঠাটো ভেকুৱাম কৰক,,
calib-0055,calib,opinion save,মতামত সংৰক্ষণ কৰক,,
calib-0056,calib,set alarm for eight am,পুৱা আঠ বজাৰ বাবে এলাৰ্ম ছেট কৰক,,
calib-0057,calib,play some christian music,কিছু খ্ৰীষ্টান সংগীত বজোৱা,,
calib-0058,calib,make the house lights amber at six p. m.,সন্ধিয়া ছয় বজাত ঘৰৰ লাইটবোৰ এম্বাৰ কৰা।,,
calib-0059,calib,please turn lights off,অনুগ্ৰহ কৰি লাইটবোৰ বন্ধ কৰা,,
calib-0060,calib,please remove my alarm,অনুগ্ৰহ কৰি মোৰ এলাৰ্মটো আঁতৰাই দিয়ক,,
calib-0061,calib,i like this song please save,মই এই গানটো ভাল পাওঁ অনুগ্ৰহ কৰি সংৰক্ষণ কৰক,,
calib-0062,calib,open up and play music from my jogging playlist,মোৰ জগিং প্লে'লিষ্টৰ পৰা সংগীত খোলক আৰু বজোৱা,,
calib-0063,calib,set my alarm for seven am,মোৰ এলাৰ্মটো পুৱা সাত বজাৰ বাবে ছেট কৰক,,
calib-0064,calib,turn my morning alarm on,মোৰ ৰাতিপুৱাৰ এলাৰ্মটো অন কৰা,,
calib-0065,calib,what is the time difference between here and japan,ইয়াত আৰু জাপানৰ মাজত সময়ৰ পাৰ্থক্য কিমান,,
calib-0066,calib,what's the weather like right now in new york,নিউয়ৰ্কত এতিয়া বতৰ কেনেকুৱা,,
calib-0067,calib,increase the brightness of the lights,লাইটবোৰৰ উজ্জ্বলতা বৃদ্ধি কৰক,,
calib-0068,calib,i want dimmer lights,মই ম্লান লাইট বিচাৰোঁ,,
calib-0069,calib,can i get take-out from pf changs,মই পি. এফ. চাংছৰ পৰা টেক-আউট পাব পাৰিমনে,,
calib-0070,calib,news articles on a particular subject,এটা নিৰ্দিষ্ট বিষয়ৰ ওপৰত বাতৰি প্ৰবন্ধ,,
calib-0071,calib,what time is it in new york now,নিউয়ৰ্কত এতিয়া কিমান বজিছে,,
calib-0072,calib,turn the living room's light off,লিভিং ৰুমৰ লাইট অফ কৰা,,
calib-0073,calib,could you turn the light off,আপুনি লাইটটো বন্ধ কৰিব পাৰিবনে,,
calib-0074,calib,play creed from my rock playlist,মোৰ ৰক প্লে'লিষ্টৰ পৰা ক্রিড বজোৱা,,
calib-0075,calib,what time is it in london right now,লণ্ডনত এতিয়া কিমান বজিছে,,
calib-0076,calib,dim the lights in the living room,লিভিং ৰুমৰ লাইটবোৰ ম্লান কৰা,,
calib-0077,calib,open the folder app please,অনুগ্ৰহ কৰি ফোল্ডাৰ এপটো খোলক,,
calib-0078,calib,call the nearest thai restaurant with delivery,ডেলিভাৰীৰ সৈতে নিকটতম থাই ৰেষ্টুৰেণ্টত কল কৰক,,
calib-0079,calib,i need a good cry can you play me sad rock songs,মোক এটা ভাল কান্দোন লাগে তুমি মোক চেড ৰক গান বজোৱাব পাৰিবা নেকি,,
calib-0080,calib,lower the speaker volume,স্পিকাৰৰ ভলিউম হ্ৰাস কৰক,,
calib-0081,calib,turn on the robot vacuum cleaner,ৰবট ভেকুৱাম ক্লিনাৰটো অন কৰক,,
calib-0082,calib,give me up to date on sports news,মোক ক্ৰীড়াৰ বাতৰিৰ বিষয়ে আপ টু ডেট দিয়ক,,
calib-0083,calib,get hourly notification on sports news,ক্ৰীড়াৰ বাতৰিৰ বিষয়ে ঘণ্টা অনুসৰি জাননী লাভ কৰক,,
calib-0084,calib,where is volume setting,ভলিউম ছেটিং ক'ত আছে,,
calib-0085,calib,brighten the lights in the hallway,হলৱেৰ লাইটবোৰ উজ্জ্বল কৰা,,
calib-0086,calib,please turn up the screen brightness all the way,অনুগ্ৰহ কৰি পৰ্দাৰ উজ্জ্বলতা সকলো দিশতে বৃদ্ধি কৰক,,
calib-0087,calib,do not play rock metal,ৰক মেটাল নুবিব,,
calib-0088,calib,user friendly,ব্যৱহাৰকাৰী অনুকূল,,
calib-0089,calib,can you increase the brightness in the room,আপুনি কোঠাটোৰ উজ্জ্বলতা বৃদ্ধি কৰিব পাৰিবনে?,,
calib-0090,calib,go to the washington post website,ৱাশ্বিংটন পোষ্ট ৱেবছাইটলৈ যাওক,,
calib-0091,calib,what day of the week does the fifteenth of march fall on,পঞ্চদশ মাৰ্চ সপ্তাহৰ কোন দিনা পৰে,,
calib-0092,calib,my desire is to listen to some country music,মোৰ ইচ্ছা হ'ল কিছু দেশী সংগীত শুনিবলৈ।,,
calib-0093,calib,coordinate all pop song genres,সকলো পপ গীতৰ ধাৰাৰ সমন্বয় কৰক,,
calib-0094,calib,is there any special in politic,ৰাজনীতিত কিবা বিশেষতা আছে নেকি,,
calib-0095,calib,play lady by kenny roger,কেনি ৰ'গাৰৰ লেডি বজোৱা,,
calib-0096,calib,next play justin bieber's sorry,পৰৱৰ্তী বজোৱা জাষ্টিন বাইবাৰৰ ক্ষমা কৰক,,
calib-0097,calib,get sia's cheap thrills ready to play next,ছিয়াৰ সস্তীয়া ৰোমাঞ্চবোৰ পৰৱৰ্তী খেলত খেলিবলৈ সাজু কৰা,,
calib-0098,calib,play all songs on shuffle,শ্বাফলত সকলো গান বজোৱা,,
calib-0099,calib,i need some rap,মোক অলপ ৰেপ লাগে,,
