row_id,split,english_text,label_text_DO_NOT_TRANSLATE,assamese_text,verdict_fine_unnatural_wrong
main-0000,main,wake me up at five am this week,alarm_set,,
main-0001,main,quiet,audio_volume_mute,,
main-0002,main,pink is all we need,iot_hue_lightchange,,
main-0003,main,and the darkness has fallen,iot_hue_lighton,,
main-0004,main,olly turn the lights off in the bedroom,iot_hue_lightoff,,
main-0005,main,it's dirty here make some noise,iot_cleaning,,
main-0006,main,hoover the hallway,iot_cleaning,,
main-0007,main,i want the status on my screen brightness,general_quirky,,
main-0008,main,what's up olly,general_greet,,
main-0009,main,what's the time in australia,datetime_query,,
main-0010,main,olly tell me the time in g. m. t. plus five,datetime_convert,,
main-0011,main,cancel my seven am alarm,alarm_remove,,
main-0012,main,what alarms i have set,alarm_query,,
main-0013,main,tell me about my alarms,alarm_query,,
main-0014,main,i like senatra songs,music_likeness,,
main-0015,main,set lights brightness higher,iot_hue_lightup,,
main-0016,main,tell me today's date,datetime_query,,
main-0017,main,what date is it today,datetime_query,,
main-0018,main,could you order sushi for tonight dinner,takeaway_order,,
main-0019,main,what's the week's forecast,weather_query,,
main-0020,main,what's this week's weather,weather_query,,
main-0021,main,tell me the weather this week,weather_query,,
main-0022,main,send a giggle my way,general_joke,,
main-0023,main,olly tell me a joke,general_joke,,
main-0024,main,what's the date,datetime_query,,
main-0025,main,order a takeaway,takeaway_order,,
main-0026,main,i like this song,music_likeness,,
main-0027,main,play it again please,play_music,,
main-0028,main,lower the lights,iot_hue_lightdim,,
main-0029,main,can they provide takeaway,takeaway_query,,
main-0030,main,can they do delivery,takeaway_query,,
main-0031,main,do they deliver home,takeaway_query,,
main-0032,main,olly do they deliver home,takeaway_query,,
main-0033,main,set wake up thursday seven am,alarm_set,,
main-0034,main,tell me some business news,news_query,,
main-0035,main,tell me international news,news_query,,
main-0036,main,play my rock playlist,play_music,,
main-0037,main,turn on my playlist and play third song in the queue,play_music,,
main-0038,main,mute volume,audio_volume_mute,,
main-0039,main,what time is it,datetime_query,,
main-0040,main,delete the alarm i just set,alarm_remove,,
main-0041,main,how is the weather like today,weather_query,,
main-0042,main,should i bring an umbrella tomorrow,weather_query,,
main-0043,main,play music from my rock list,play_music,,
main-0044,main,i feel like jazz right now how about you,play_music,,
main-0045,main,olly play a good track from my favorite jazz player,play_music,,
main-0046,main,i can't hear you,audio_volume_up,,
main-0047,main,i can barely hear you,audio_volume_up,,
main-0048,main,let's have the lights blue,iot_hue_lightchange,,
main-0049,main,what is today's forecast for berlin,weather_query,,
main-0050,main,what is the exchange rate of us dollar to pound sterling,news_query,,
main-0051,main,light up the lights in the kitchen,iot_hue_lighton,,
main-0052,main,start a vacuum cleaner,iot_cleaning,,
main-0053,main,turn on the vacuum cleaner,iot_cleaning,,
main-0054,main,play a nirvana playlist,play_music,,
main-0055,main,shuffle songs by coldplay,play_music,,
main-0056,main,what is the weather,weather_query,,
main-0057,main,what day is new year's eve this year,datetime_query,,
main-0058,main,please be quiet for another hour,audio_volume_mute,,
main-0059,main,do not speak today,audio_volume_mute,,
main-0060,main,tell me the weather in barcelona in two days from now,weather_query,,
main-0061,main,disable my okug,iot_wemo_off,,
main-0062,main,enable my plug,iot_wemo_on,,
main-0063,main,seven years,play_music,,
main-0064,main,what is the weather condition in new york,weather_query,,
main-0065,main,i wish to know the weather in san fransico,weather_query,,
main-0066,main,will it be rainy tomorrow,weather_query,,
main-0067,main,will it rain tomorrow,weather_query,,
main-0068,main,what day of the week is first april,datetime_query,,
main-0069,main,what is the current time,datetime_query,,
main-0070,main,play the second song from anirudh's song,play_music,,
main-0071,main,please tell me the latest news,news_query,,
main-0072,main,switch off the lights,iot_hue_lightoff,,
main-0073,main,i want the music to be saved can you do it for me,music_likeness,,
main-0074,main,what's sensational in time of india,news_query,,
main-0075,main,turn the smart plug on,iot_wemo_on,,
main-0076,main,play a random song from my playlist,play_music,,
main-0077,main,play a retro song in my playlist,play_music,,
main-0078,main,play any song by joe prsaise,play_music,,
main-0079,main,remove the first alarm,alarm_remove,,
main-0080,main,start playing,play_music,,
main-0081,main,can you play rock music for the next hour,play_music,,
main-0082,main,can you tell me a joke,general_joke,,
main-0083,main,tell me a funny joke,general_joke,,
main-0084,main,what are the breaking news,news_query,,
main-0085,main,power up the plug socket one,iot_wemo_on,,
main-0086,main,turn off the lights in the bathroom,iot_hue_lightoff,,
main-0087,main,turn off the bathroom lights,iot_hue_lightoff,,
main-0088,main,what is the weather like right now,weather_query,,
main-0089,main,open bad religion folder,play_music,,
main-0090,main,what are the latest news headlines,news_query,,
main-0091,main,what's happening in the news,news_query,,
main-0092,main,raise volume,audio_volume_up,,
main-0093,main,run coffee maker,iot_coffee,,
main-0094,main,get me the latest stock price for costco,news_query,,
main-0095,main,change the bedroom lights to green,iot_hue_lightchange,,
main-0096,main,change the lights to dim,iot_hue_lightdim,,
main-0097,main,play the weekend,play_music,,
main-0098,main,what mistakes do you usually make,general_quirky,,
main-0099,main,who is the singer of song,music_query,,
calib-0000,calib,what time is it in new york city,datetime_query,,
calib-0001,calib,is it cold outside,weather_query,,
calib-0002,calib,what's a good joke,general_joke,,
calib-0003,calib,open songs from major lazer,play_music,,
calib-0004,calib,what alarms are set,alarm_query,,
calib-0005,calib,by get marks,weather_query,,
calib-0006,calib,prepare the order as soon as possible,takeaway_query,,
calib-0007,calib,do you know any jokes,general_joke,,
calib-0008,calib,set an alarm for nine am,alarm_set,,
calib-0009,calib,play the song sung by katy perry,play_music,,
calib-0010,calib,play mf doom anything,play_music,,
calib-0011,calib,turn off eight am alarm,alarm_remove,,
calib-0012,calib,change light color,iot_hue_lightchange,,
calib-0013,calib,play all by playlist,play_music,,
calib-0014,calib,show latest news,news_query,,
calib-0015,calib,what is new news for today,news_query,,
calib-0016,calib,what is the current weather,weather_query,,
calib-0017,calib,unmute after,audio_volume_up,,
calib-0018,calib,please ring the wake up alarm at eight am next saturday,alarm_set,,
calib-0019,calib,start playlist,play_music,,
calib-0020,calib,please play the radio gaga song,play_music,,
calib-0021,calib,set notification for news about the dakota pipeline,news_query,,
calib-0022,calib,please start vacuum cleaner,iot_cleaning,,
calib-0023,calib,turn off room lights,iot_hue_lightoff,,
calib-0024,calib,current time in japan,datetime_query,,
calib-0025,calib,can you lower the lights,iot_hue_lightdim,,
calib-0026,calib,i want two burgers and one coke order it fast,takeaway_order,,
calib-0027,calib,keep me informed about bitcoin price,news_query,,
calib-0028,calib,what is the time now in new york,datetime_query,,
calib-0029,calib,hi can you please turn lower the lights,iot_hue_lightdim,,
calib-0030,calib,i want to hear the last news from c. n. n.,news_query,,
calib-0031,calib,summarize week's weather details,weather_query,,
calib-0032,calib,turn the lights off,iot_hue_lightoff,,
calib-0033,calib,how cold is it outside today,weather_query,,
calib-0034,calib,don't talk until i ask you to,audio_volume_mute,,
calib-0035,calib,i want to know about this song,music_query,,
calib-0036,calib,what is the weather forecast for this week,weather_query,,
calib-0037,calib,could you please give me up to date news headlines from my newest provider,news_query,,
calib-0038,calib,could you please find me the latest news from a source that i do not usually go to,news_query,,
calib-0039,calib,tell me about the latest political news,news_query,,
calib-0040,calib,i want to hear snow by red hot chili peppers,play_music,,
calib-0041,calib,play bilando,play_music,,
calib-0042,calib,play let me love you by ariana grande,play_music,,
calib-0043,calib,play love songs,play_music,,
calib-0044,calib,mild or heavy weather,weather_query,,
calib-0045,calib,confirm my alarm settings,alarm_query,,
calib-0046,calib,hey siri mute the speakers,audio_volume_mute,,
calib-0047,calib,what is the current temperature outside,weather_query,,
calib-0048,calib,play bob dylan playlist,play_music,,
calib-0049,calib,hey what will be the predicted weather for tomorrow,weather_query,,
calib-0050,calib,what are the b. b. c. poll predictions for the upcoming us elections,news_query,,
calib-0051,calib,start the robot roomba,iot_cleaning,,
calib-0052,calib,my set alarms,alarm_query,,
calib-0053,calib,alarm settings,alarm_query,,
calib-0054,calib,robot vacuum the living room now,iot_cleaning,,
calib-0055,calib,opinion save,music_likeness,,
calib-0056,calib,set alarm for eight am,alarm_set,,
calib-0057,calib,play some christian music,play_music,,
calib-0058,calib,make the house lights amber at six p. m.,iot_hue_lightchange,,
calib-0059,calib,please turn lights off,iot_hue_lightoff,,
calib-0060,calib,please remove my alarm,alarm_remove,,
calib-0061,calib,i like this song please save,music_likeness,,
calib-0062,calib,open up and play music from my jogging playlist,play_music,,
calib-0063,calib,set my alarm for seven am,alarm_set,,
calib-0064,calib,turn my morning alarm on,alarm_set,,
calib-0065,calib,what is the time difference between here and japan,datetime_convert,,
calib-0066,calib,what's the weather like right now in new york,weather_query,,
calib-0067,calib,increase the brightness of the lights,iot_hue_lightup,,
calib-0068,calib,i want dimmer lights,iot_hue_lightdim,,
calib-0069,calib,can i get take-out from pf changs,takeaway_query,,
calib-0070,calib,news articles on a particular subject,news_query,,
calib-0071,calib,what time is it in new york now,datetime_query,,
calib-0072,calib,turn the living room's light off,iot_hue_lightoff,,
calib-0073,calib,could you turn the light off,iot_hue_lightoff,,
calib-0074,calib,play creed from my rock playlist,play_music,,
calib-0075,calib,what time is it in london right now,datetime_query,,
calib-0076,calib,dim the lights in the living room,iot_hue_lightdim,,
calib-0077,calib,open the folder app please,takeaway_order,,
calib-0078,calib,call the nearest thai restaurant with delivery,takeaway_order,,
calib-0079,calib,i need a good cry can you play me sad rock songs,play_music,,
calib-0080,calib,lower the speaker volume,audio_volume_down,,
calib-0081,calib,turn on the robot vacuum cleaner,iot_cleaning,,
calib-0082,calib,give me up to date on sports news,news_query,,
calib-0083,calib,get hourly notification on sports news,news_query,,
calib-0084,calib,where is volume setting,audio_volume_other,,
calib-0085,calib,brighten the lights in the hallway,iot_hue_lightup,,
calib-0086,calib,please turn up the screen brightness all the way,iot_hue_lightup,,
calib-0087,calib,do not play rock metal,music_dislikeness,,
calib-0088,calib,user friendly,news_query,,
calib-0089,calib,can you increase the brightness in the room,iot_hue_lightup,,
calib-0090,calib,go to the washington post website,news_query,,
calib-0091,calib,what day of the week does the fifteenth of march fall on,datetime_query,,
calib-0092,calib,my desire is to listen to some country music,play_music,,
calib-0093,calib,coordinate all pop song genres,play_music,,
calib-0094,calib,is there any special in politic,news_query,,
calib-0095,calib,play lady by kenny roger,play_music,,
calib-0096,calib,next play justin bieber's sorry,play_music,,
calib-0097,calib,get sia's cheap thrills ready to play next,play_music,,
calib-0098,calib,play all songs on shuffle,play_music,,
calib-0099,calib,i need some rap,play_music,,
